id,bbox,sick
Train_1764.jpg,"[0, 0, 64, 43]",1
Train_834.jpg,"[64, 0, 64, 43]",0
Train_1315.jpg,"[128, 0, 64, 43]",1
Train_894.jpg,"[192, 0, 64, 43]",1
Train_399.jpg,"[256, 0, 64, 43]",1
Train_657.jpg,"[320, 0, 64, 43]",0
Train_1611.jpg,"[384, 0, 64, 43]",0
Train_1018.jpg,"[448, 0, 64, 43]",1
Train_160.jpg,"[512, 0, 64, 43]",1
Train_421.jpg,"[576, 0, 64, 43]",0
Train_79.jpg,"[640, 0, 64, 43]",1
Train_1354.jpg,"[704, 0, 64, 43]",0
Train_360.jpg,"[768, 0, 64, 43]",0
Train_660.jpg,"[960, 0, 64, 43]",0
Train_845.jpg,"[1024, 0, 64, 43]",1
Train_428.jpg,"[1088, 0, 64, 43]",1
Train_704.jpg,"[1216, 0, 64, 43]",0
Train_418.jpg,"[1344, 0, 64, 43]",1
Train_887.jpg,"[1408, 0, 64, 43]",0
Train_297.jpg,"[1472, 0, 64, 43]",1
Train_611.jpg,"[1600, 0, 64, 43]",1
Train_699.jpg,"[1664, 0, 64, 43]",1
Train_940.jpg,"[1728, 0, 64, 43]",1
Train_1797.jpg,"[1792, 0, 64, 43]",1
Train_395.jpg,"[0, 43, 64, 43]",1
Train_808.jpg,"[64, 43, 64, 43]",1
Train_1816.jpg,"[128, 43, 64, 43]",1
Train_1211.jpg,"[192, 43, 64, 43]",1
Train_1598.jpg,"[256, 43, 64, 43]",0
Train_338.jpg,"[448, 43, 64, 43]",1
Train_1050.jpg,"[512, 43, 64, 43]",1
Train_128.jpg,"[576, 43, 64, 43]",1
Train_1663.jpg,"[640, 43, 64, 43]",0
Train_901.jpg,"[704, 43, 64, 43]",0
Train_1735.jpg,"[768, 43, 64, 43]",0
Train_1468.jpg,"[832, 43, 64, 43]",1
Train_676.jpg,"[896, 43, 64, 43]",0
Train_1561.jpg,"[960, 43, 64, 43]",1
Train_1309.jpg,"[1088, 43, 64, 43]",0
Train_1770.jpg,"[1280, 43, 64, 43]",0
Train_1264.jpg,"[1408, 43, 64, 43]",1
Train_251.jpg,"[1472, 43, 64, 43]",1
Train_486.jpg,"[1536, 43, 64, 43]",1
Train_1450.jpg,"[1600, 43, 64, 43]",1
Train_1733.jpg,"[1664, 43, 64, 43]",0
Train_1.jpg,"[1728, 43, 64, 43]",1
Train_335.jpg,"[1792, 43, 64, 43]",0
Train_245.jpg,"[0, 86, 28, 43]",1
Train_89.jpg,"[64, 86, 64, 43]",1
Train_1382.jpg,"[256, 86, 64, 43]",1
Train_88.jpg,"[320, 86, 64, 43]",0
Train_113.jpg,"[384, 86, 64, 43]",1
Train_1236.jpg,"[448, 86, 64, 43]",1
Train_6.jpg,"[512, 86, 64, 43]",1
Train_21.jpg,"[576, 86, 64, 43]",1
Train_1644.jpg,"[704, 86, 64, 43]",1
Train_1119.jpg,"[768, 86, 64, 43]",1
Train_1559.jpg,"[832, 86, 64, 43]",0
Train_1807.jpg,"[896, 86, 64, 43]",0
Train_36.jpg,"[960, 86, 64, 43]",1
Train_881.jpg,"[1024, 86, 64, 43]",0
Train_1270.jpg,"[1152, 86, 64, 43]",1
Train_1609.jpg,"[1216, 86, 64, 43]",1
Train_102.jpg,"[1280, 86, 64, 43]",1
Train_436.jpg,"[1344, 86, 64, 43]",1
Train_994.jpg,"[1408, 86, 64, 43]",1
Train_11.jpg,"[1536, 86, 64, 43]",1
Train_317.jpg,"[1728, 86, 64, 43]",0
Train_1130.jpg,"[1792, 86, 64, 43]",1
Train_1813.jpg,"[0, 129, 64, 43]",1
Train_1185.jpg,"[128, 129, 64, 43]",1
Train_915.jpg,"[192, 129, 64, 43]",0
Train_1369.jpg,"[256, 129, 64, 43]",1
Train_684.jpg,"[320, 129, 64, 43]",0
Train_1622.jpg,"[384, 129, 64, 43]",1
Train_1657.jpg,"[448, 129, 64, 43]",1
Train_1249.jpg,"[512, 129, 64, 43]",1
Train_872.jpg,"[640, 129, 64, 43]",0
Train_1612.jpg,"[768, 129, 64, 43]",0
Train_12.jpg,"[832, 129, 64, 43]",1
Train_1777.jpg,"[896, 129, 64, 43]",0
Train_690.jpg,"[960, 129, 64, 43]",1
Train_1623.jpg,"[1088, 129, 64, 43]",1
Train_114.jpg,"[1152, 129, 64, 43]",1
Train_195.jpg,"[1216, 129, 64, 43]",0
Train_43.jpg,"[1344, 129, 64, 43]",0
Train_1643.jpg,"[1408, 129, 64, 43]",1
Train_17.jpg,"[1472, 129, 64, 43]",1
Train_1673.jpg,"[1536, 129, 64, 43]",1
Train_181.jpg,"[1600, 129, 64, 43]",1
Train_1554.jpg,"[1728, 129, 64, 43]",1
Train_1071.jpg,"[1792, 129, 64, 43]",1
Train_903.jpg,"[0, 172, 64, 43]",0
Train_1708.jpg,"[64, 172, 64, 43]",1
Train_1219.jpg,"[128, 172, 64, 43]",1
Train_147.jpg,"[192, 172, 64, 43]",1
Train_1267.jpg,"[256, 172, 64, 43]",1
Train_1433.jpg,"[320, 172, 64, 43]",1
Train_484.jpg,"[384, 172, 64, 43]",1
Train_562.jpg,"[448, 172, 64, 43]",0
Train_478.jpg,"[576, 172, 64, 43]",0
Train_170.jpg,"[640, 172, 64, 43]",1
Train_319.jpg,"[768, 172, 64, 43]",1
Train_1494.jpg,"[896, 172, 64, 43]",1
Train_1552.jpg,"[960, 172, 64, 43]",0
Train_632.jpg,"[1024, 172, 64, 43]",1
Train_95.jpg,"[1088, 172, 64, 43]",1
Train_922.jpg,"[1152, 172, 64, 43]",1
Train_1255.jpg,"[1216, 172, 64, 43]",1
Train_1706.jpg,"[1280, 172, 64, 43]",0
Train_1720.jpg,"[1344, 172, 64, 43]",1
Train_732.jpg,"[1536, 172, 64, 43]",1
Train_57.jpg,"[1600, 172, 64, 43]",1
Train_1532.jpg,"[1664, 172, 64, 43]",1
Train_1454.jpg,"[1728, 172, 64, 43]",1
Train_1493.jpg,"[0, 215, 64, 43]",1
Train_1262.jpg,"[64, 215, 64, 43]",1
Train_517.jpg,"[128, 215, 64, 43]",1
Train_1009.jpg,"[192, 215, 64, 43]",1
Train_1669.jpg,"[256, 215, 64, 43]",0
Train_945.jpg,"[320, 215, 64, 43]",1
Train_404.jpg,"[384, 215, 64, 43]",0
Train_1284.jpg,"[448, 215, 64, 43]",1
Train_705.jpg,"[512, 215, 64, 43]",1
Train_1013.jpg,"[640, 215, 64, 43]",1
Train_719.jpg,"[768, 215, 64, 43]",1
Train_1499.jpg,"[832, 215, 64, 43]",1
Train_1399.jpg,"[896, 215, 64, 43]",1
Train_72.jpg,"[960, 215, 64, 43]",0
Train_550.jpg,"[1024, 215, 64, 43]",0
Train_645.jpg,"[1088, 215, 64, 43]",1
Train_1204.jpg,"[1280, 215, 64, 43]",1
Train_363.jpg,"[1344, 215, 64, 43]",1
Train_702.jpg,"[1408, 215, 64, 43]",1
Train_1045.jpg,"[1472, 215, 64, 43]",1
Train_1277.jpg,"[1536, 215, 64, 43]",0
Train_1323.jpg,"[1600, 215, 64, 43]",1
Train_47.jpg,"[1664, 215, 64, 43]",1
Train_336.jpg,"[1728, 215, 64, 43]",1
Train_754.jpg,"[1792, 215, 64, 43]",1
Train_18.jpg,"[0, 258, 64, 43]",0
Train_1356.jpg,"[64, 258, 64, 43]",0
Train_878.jpg,"[192, 258, 64, 43]",1
Train_1393.jpg,"[256, 258, 64, 43]",1
Train_92.jpg,"[320, 258, 64, 43]",1
Train_869.jpg,"[384, 258, 64, 43]",1
Train_533.jpg,"[448, 258, 64, 43]",1
Train_563.jpg,"[512, 258, 64, 43]",1
Train_74.jpg,"[640, 258, 64, 43]",1
Train_998.jpg,"[704, 258, 64, 43]",1
Train_936.jpg,"[832, 258, 64, 43]",1
Train_847.jpg,"[896, 258, 64, 43]",1
Train_905.jpg,"[1152, 258, 64, 43]",1
Train_1355.jpg,"[1216, 258, 64, 43]",0
Train_1378.jpg,"[1280, 258, 64, 43]",1
Train_1414.jpg,"[1344, 258, 64, 43]",0
Train_532.jpg,"[1408, 258, 64, 43]",0
Train_608.jpg,"[1472, 258, 64, 43]",1
Train_1723.jpg,"[1536, 258, 64, 43]",0
Train_61.jpg,"[1600, 258, 64, 43]",1
Train_933.jpg,"[1728, 258, 64, 43]",1
Train_237.jpg,"[1792, 258, 64, 43]",1
Train_48.jpg,"[0, 301, 64, 43]",1
Train_1280.jpg,"[64, 301, 64, 43]",1
Train_1412.jpg,"[128, 301, 64, 43]",1
Train_132.jpg,"[192, 301, 64, 43]",1
Train_1577.jpg,"[256, 301, 64, 43]",1
Train_978.jpg,"[320, 301, 64, 43]",1
Train_447.jpg,"[384, 301, 64, 43]",1
Train_1521.jpg,"[448, 301, 64, 43]",1
Train_343.jpg,"[512, 301, 64, 43]",1
Train_1390.jpg,"[576, 301, 64, 43]",1
Train_942.jpg,"[704, 301, 64, 43]",0
Train_40.jpg,"[768, 301, 64, 43]",1
Train_1618.jpg,"[896, 301, 64, 43]",1
Train_1242.jpg,"[960, 301, 64, 43]",1
Train_663.jpg,"[1024, 301, 64, 43]",1
Train_220.jpg,"[1088, 301, 64, 43]",0
Train_385.jpg,"[1152, 301, 64, 43]",1
Train_675.jpg,"[1216, 301, 64, 43]",0
Train_1682.jpg,"[1344, 301, 64, 43]",0
Train_997.jpg,"[1472, 301, 64, 43]",1
Train_970.jpg,"[1536, 301, 64, 43]",1
Train_785.jpg,"[1600, 301, 64, 43]",1
Train_137.jpg,"[1664, 301, 64, 43]",0
Train_1518.jpg,"[1728, 301, 64, 43]",1
Train_1564.jpg,"[1792, 301, 64, 43]",0
Train_764.jpg,"[0, 344, 64, 43]",1
Train_227.jpg,"[64, 344, 64, 43]",0
Train_1164.jpg,"[192, 344, 64, 43]",0
Train_1161.jpg,"[256, 344, 64, 43]",1
Train_294.jpg,"[320, 344, 64, 43]",1
Train_504.jpg,"[448, 344, 64, 43]",1
Train_1269.jpg,"[512, 344, 64, 43]",1
Train_103.jpg,"[640, 344, 64, 43]",0
Train_749.jpg,"[704, 344, 64, 43]",1
Train_1815.jpg,"[768, 344, 64, 43]",1
Train_122.jpg,"[832, 344, 64, 43]",1
Train_1544.jpg,"[896, 344, 64, 43]",1
Train_20.jpg,"[960, 344, 64, 43]",1
Train_804.jpg,"[1024, 344, 64, 43]",1
Train_606.jpg,"[1088, 344, 64, 43]",1
Train_367.jpg,"[1152, 344, 64, 43]",0
Train_332.jpg,"[1216, 344, 64, 43]",1
Train_1779.jpg,"[1280, 344, 64, 43]",1
Train_1457.jpg,"[1408, 344, 64, 43]",0
Train_558.jpg,"[1472, 344, 64, 43]",0
Train_125.jpg,"[1536, 344, 64, 43]",1
Train_1039.jpg,"[1600, 344, 64, 43]",0
Train_718.jpg,"[1664, 344, 64, 43]",1
Train_1664.jpg,"[1728, 344, 64, 43]",1
Train_1558.jpg,"[1792, 344, 64, 43]",1
Train_1165.jpg,"[0, 387, 64, 43]",1
Train_458.jpg,"[64, 387, 64, 43]",1
Train_1139.jpg,"[128, 387, 64, 43]",0
Train_25.jpg,"[192, 387, 64, 43]",1
Train_1620.jpg,"[320, 387, 64, 43]",1
Train_328.jpg,"[384, 387, 64, 43]",1
Train_814.jpg,"[448, 387, 64, 43]",1
Train_397.jpg,"[512, 387, 64, 43]",0
Train_14.jpg,"[640, 387, 64, 43]",1
Train_773.jpg,"[704, 387, 64, 43]",0
Train_480.jpg,"[832, 387, 64, 43]",1
Train_1672.jpg,"[896, 387, 64, 43]",0
Train_277.jpg,"[960, 387, 64, 43]",1
Train_1091.jpg,"[1024, 387, 64, 43]",0
Train_492.jpg,"[1088, 387, 64, 43]",1
Train_1072.jpg,"[1152, 387, 64, 43]",0
Train_231.jpg,"[1216, 387, 64, 43]",1
Train_886.jpg,"[1344, 387, 64, 43]",1
Train_1196.jpg,"[1408, 387, 64, 43]",1
Train_1239.jpg,"[1536, 387, 64, 43]",0
Train_168.jpg,"[1600, 387, 64, 43]",1
Train_843.jpg,"[1728, 387, 64, 43]",1
Train_1046.jpg,"[1792, 387, 64, 43]",1
Train_1331.jpg,"[0, 430, 64, 43]",1
Train_1310.jpg,"[64, 430, 64, 43]",1
Train_715.jpg,"[128, 430, 64, 43]",1
Train_1784.jpg,"[192, 430, 64, 43]",1
Train_1573.jpg,"[320, 430, 64, 43]",1
Train_1763.jpg,"[448, 430, 64, 43]",1
Train_596.jpg,"[512, 430, 64, 43]",1
Train_1641.jpg,"[576, 430, 64, 43]",1
Train_1044.jpg,"[640, 430, 64, 43]",0
Train_545.jpg,"[704, 430, 64, 43]",0
Train_1525.jpg,"[832, 430, 64, 43]",1
Train_535.jpg,"[896, 430, 64, 43]",1
Train_217.jpg,"[1024, 430, 64, 43]",1
Train_340.jpg,"[1088, 430, 64, 43]",1
Train_541.jpg,"[1216, 430, 64, 43]",1
Train_1201.jpg,"[1280, 430, 64, 43]",1
Train_312.jpg,"[1344, 430, 64, 43]",1
Train_860.jpg,"[1536, 430, 64, 43]",1
Train_215.jpg,"[1664, 430, 64, 43]",0
Train_493.jpg,"[1728, 430, 64, 43]",1
Train_1662.jpg,"[1792, 430, 64, 43]",1
Train_902.jpg,"[0, 473, 64, 43]",1
Train_1004.jpg,"[64, 473, 64, 43]",0
Train_1476.jpg,"[128, 473, 64, 43]",0
Train_566.jpg,"[256, 473, 64, 43]",0
Train_411.jpg,"[320, 473, 64, 43]",1
Train_1512.jpg,"[384, 473, 64, 43]",1
Train_1289.jpg,"[512, 473, 64, 43]",0
Train_1173.jpg,"[576, 473, 64, 43]",1
Train_1142.jpg,"[640, 473, 64, 43]",1
Train_80.jpg,"[768, 473, 64, 43]",1
Train_1358.jpg,"[832, 473, 64, 43]",1
Train_339.jpg,"[896, 473, 64, 43]",0
Train_366.jpg,"[960, 473, 64, 43]",0
Train_1035.jpg,"[1088, 473, 64, 43]",1
Train_164.jpg,"[1152, 473, 64, 43]",1
Train_497.jpg,"[1216, 473, 64, 43]",1
Train_306.jpg,"[1280, 473, 64, 43]",1
Train_283.jpg,"[1344, 473, 64, 43]",1
Train_682.jpg,"[1536, 473, 64, 43]",1
Train_1502.jpg,"[1600, 473, 64, 43]",1
Train_1001.jpg,"[1664, 473, 64, 43]",0
Train_857.jpg,"[1728, 473, 64, 43]",1
Train_1697.jpg,"[1792, 473, 64, 43]",0
Train_180.jpg,"[0, 516, 64, 43]",1
Train_1234.jpg,"[64, 516, 64, 43]",1
Train_71.jpg,"[128, 516, 64, 43]",1
Train_1016.jpg,"[192, 516, 64, 43]",1
Train_1639.jpg,"[256, 516, 64, 43]",1
Train_435.jpg,"[320, 516, 64, 43]",1
Train_1536.jpg,"[384, 516, 64, 43]",1
Train_1112.jpg,"[576, 516, 64, 43]",1
Train_1648.jpg,"[704, 516, 64, 43]",1
Train_1129.jpg,"[768, 516, 64, 43]",1
Train_205.jpg,"[832, 516, 64, 43]",1
Train_1434.jpg,"[896, 516, 64, 43]",1
Train_982.jpg,"[960, 516, 64, 43]",1
Train_1221.jpg,"[1024, 516, 64, 43]",1
Train_874.jpg,"[1088, 516, 64, 43]",1
Train_1396.jpg,"[1152, 516, 64, 43]",0
Train_1223.jpg,"[1216, 516, 64, 43]",0
Train_1789.jpg,"[1280, 516, 64, 43]",0
Train_257.jpg,"[1408, 516, 64, 43]",0
Train_1028.jpg,"[1472, 516, 64, 43]",1
Train_391.jpg,"[1536, 516, 64, 43]",1
Train_1197.jpg,"[1664, 516, 64, 43]",1
Train_153.jpg,"[1728, 516, 64, 43]",1
Train_1017.jpg,"[1792, 516, 64, 43]",0
Train_1134.jpg,"[0, 559, 64, 43]",1
Train_1117.jpg,"[64, 559, 64, 43]",0
Train_275.jpg,"[128, 559, 64, 43]",1
Train_1156.jpg,"[320, 559, 28, 43]",1
Train_949.jpg,"[448, 559, 64, 43]",1
Train_1191.jpg,"[576, 559, 64, 43]",1
Train_762.jpg,"[640, 559, 64, 43]",1
Train_1551.jpg,"[768, 559, 64, 43]",1
Train_1514.jpg,"[832, 559, 64, 43]",1
Train_1526.jpg,"[1152, 559, 64, 43]",1
Train_104.jpg,"[1216, 559, 64, 43]",1
Train_171.jpg,"[1280, 559, 64, 43]",1
Train_1352.jpg,"[1344, 559, 64, 43]",1
Train_1654.jpg,"[1408, 559, 64, 43]",0
Train_730.jpg,"[1472, 559, 64, 43]",0
Train_1701.jpg,"[1536, 559, 64, 43]",1
Train_1268.jpg,"[1600, 559, 64, 43]",1
Train_1531.jpg,"[1664, 559, 64, 43]",1
Train_1565.jpg,"[1728, 559, 64, 43]",1
Train_629.jpg,"[1792, 559, 64, 43]",1
Train_1698.jpg,"[0, 602, 64, 43]",0
Train_1090.jpg,"[64, 602, 64, 43]",1
Train_300.jpg,"[128, 602, 64, 43]",0
Train_1210.jpg,"[192, 602, 64, 43]",0
Train_543.jpg,"[384, 602, 64, 43]",1
Train_1216.jpg,"[448, 602, 64, 43]",1
Train_62.jpg,"[576, 602, 64, 43]",1
Train_602.jpg,"[640, 602, 64, 43]",1
Train_1787.jpg,"[704, 602, 64, 43]",1
Train_515.jpg,"[768, 602, 64, 43]",1
Train_1759.jpg,"[832, 602, 64, 43]",1
Train_594.jpg,"[896, 602, 64, 43]",1
Train_1180.jpg,"[960, 602, 64, 43]",0
Train_1171.jpg,"[1152, 602, 64, 43]",0
Train_1365.jpg,"[1216, 602, 64, 43]",1
Train_1174.jpg,"[1280, 602, 64, 43]",1
Train_1286.jpg,"[1344, 602, 64, 43]",0
Train_1333.jpg,"[1408, 602, 64, 43]",1
Train_439.jpg,"[1472, 602, 64, 43]",0
Train_377.jpg,"[1536, 602, 64, 43]",1
Train_1812.jpg,"[1600, 602, 64, 43]",1
Train_1338.jpg,"[1728, 602, 64, 43]",1
Train_1616.jpg,"[1792, 602, 64, 43]",0
Train_228.jpg,"[0, 645, 64, 43]",1
Train_538.jpg,"[64, 645, 64, 43]",1
Train_709.jpg,"[192, 645, 64, 43]",1
Train_1420.jpg,"[256, 645, 64, 43]",0
Train_1104.jpg,"[320, 645, 64, 43]",1
Train_812.jpg,"[384, 645, 64, 43]",0
Train_368.jpg,"[448, 645, 64, 43]",1
Train_897.jpg,"[512, 645, 64, 43]",0
Train_204.jpg,"[576, 645, 64, 43]",1
Train_86.jpg,"[640, 645, 64, 43]",0
Train_1245.jpg,"[704, 645, 64, 43]",0
Train_721.jpg,"[768, 645, 64, 43]",1
Train_1334.jpg,"[832, 645, 64, 43]",1
Train_1610.jpg,"[896, 645, 64, 43]",0
Train_469.jpg,"[960, 645, 64, 43]",1
Train_1240.jpg,"[1024, 645, 64, 43]",0
Train_1440.jpg,"[1088, 645, 64, 43]",0
Train_1062.jpg,"[1152, 645, 64, 43]",1
Train_1756.jpg,"[1280, 645, 64, 43]",1
Train_1033.jpg,"[1344, 645, 64, 43]",1
Train_1684.jpg,"[1408, 645, 64, 43]",1
Train_870.jpg,"[1600, 645, 64, 43]",1
Train_1163.jpg,"[1664, 645, 64, 43]",1
Train_1696.jpg,"[0, 688, 64, 43]",1
Train_1154.jpg,"[64, 688, 64, 43]",1
Train_621.jpg,"[192, 688, 64, 43]",0
Train_642.jpg,"[256, 688, 64, 43]",0
Train_516.jpg,"[320, 688, 64, 43]",1
Train_188.jpg,"[384, 688, 64, 43]",1
Train_1742.jpg,"[448, 688, 64, 43]",1
Train_943.jpg,"[512, 688, 64, 43]",1
Train_39.jpg,"[576, 688, 64, 43]",1
Train_1642.jpg,"[768, 688, 64, 43]",1
Train_1372.jpg,"[832, 688, 64, 43]",0
Train_1194.jpg,"[896, 688, 64, 43]",1
Train_681.jpg,"[960, 688, 64, 43]",1
Train_1061.jpg,"[1024, 688, 64, 43]",1
Train_844.jpg,"[1088, 688, 64, 43]",1
Train_813.jpg,"[1216, 688, 64, 43]",1
Train_1115.jpg,"[1280, 688, 64, 43]",0
Train_1675.jpg,"[1344, 688, 64, 43]",0
Train_205.jpg,"[1408, 688, 64, 43]",1
Train_1490.jpg,"[1472, 688, 64, 43]",1
Train_1631.jpg,"[1600, 688, 64, 43]",0
Train_581.jpg,"[1664, 688, 64, 43]",1
Train_707.jpg,"[1792, 688, 64, 43]",1
Train_1483.jpg,"[64, 731, 64, 43]",1
Train_392.jpg,"[128, 731, 64, 43]",0
Train_320.jpg,"[192, 731, 64, 43]",0
Train_219.jpg,"[256, 731, 64, 43]",0
Train_778.jpg,"[320, 731, 64, 43]",1
Train_1677.jpg,"[384, 731, 64, 43]",1
Train_582.jpg,"[448, 731, 64, 43]",1
Train_1395.jpg,"[512, 731, 64, 43]",1
Train_1548.jpg,"[576, 731, 64, 43]",0
Train_4.jpg,"[640, 731, 64, 43]",0
Train_1319.jpg,"[768, 731, 64, 43]",1
Train_1449.jpg,"[832, 731, 64, 43]",0
Train_1769.jpg,"[960, 731, 64, 43]",1
Train_1785.jpg,"[1024, 731, 64, 43]",1
Train_1477.jpg,"[1152, 731, 64, 43]",0
Train_1032.jpg,"[1216, 731, 64, 43]",1
Train_1729.jpg,"[1280, 731, 64, 43]",1
Train_1406.jpg,"[1344, 731, 64, 43]",1
Train_32.jpg,"[1408, 731, 64, 43]",1
Train_460.jpg,"[1472, 731, 64, 43]",0
Train_415.jpg,"[1600, 731, 64, 43]",0
Train_996.jpg,"[1664, 731, 64, 43]",1
Train_1702.jpg,"[1728, 731, 64, 43]",1
Train_679.jpg,"[1792, 731, 64, 43]",0
Train_1112.jpg,"[128, 774, 64, 43]",1
Train_482.jpg,"[192, 774, 64, 43]",1
Train_2.jpg,"[256, 774, 64, 43]",0
Train_1683.jpg,"[320, 774, 64, 43]",0
Train_1294.jpg,"[384, 774, 64, 43]",1
Train_1724.jpg,"[512, 774, 64, 43]",0
Train_1647.jpg,"[576, 774, 64, 43]",1
Train_1748.jpg,"[640, 774, 64, 43]",0
Train_1803.jpg,"[704, 774, 64, 43]",0
Train_1799.jpg,"[896, 774, 64, 43]",0
Train_1312.jpg,"[960, 774, 64, 43]",1
Train_934.jpg,"[1088, 774, 64, 43]",0
Train_470.jpg,"[1408, 774, 64, 43]",1
Train_329.jpg,"[1536, 774, 64, 43]",0
Train_389.jpg,"[1600, 774, 64, 43]",0
Train_1229.jpg,"[1664, 774, 64, 43]",1
Train_1261.jpg,"[1728, 774, 64, 43]",0
Train_757.jpg,"[1792, 774, 64, 43]",1
Train_1601.jpg,"[64, 817, 64, 43]",0
Train_483.jpg,"[128, 817, 64, 43]",1
Train_98.jpg,"[192, 817, 64, 43]",1
Train_1492.jpg,"[256, 817, 64, 43]",1
Train_1238.jpg,"[320, 817, 64, 43]",1
Train_1611.jpg,"[384, 817, 64, 43]",0
Train_901.jpg,"[448, 817, 64, 43]",0
Train_1388.jpg,"[512, 817, 64, 43]",0
Train_1168.jpg,"[576, 817, 64, 43]",1
Train_178.jpg,"[640, 817, 64, 43]",1
Train_1555.jpg,"[704, 817, 64, 43]",0
Train_94.jpg,"[768, 817, 64, 43]",0
Train_1579.jpg,"[832, 817, 64, 43]",1
Train_746.jpg,"[896, 817, 64, 43]",0
Train_551.jpg,"[960, 817, 64, 43]",0
Train_481.jpg,"[1024, 817, 64, 43]",1
Train_1351.jpg,"[1088, 817, 64, 43]",1
Train_1422.jpg,"[1152, 817, 64, 43]",1
Train_1336.jpg,"[1280, 817, 64, 43]",1
Train_760.jpg,"[1472, 817, 64, 43]",1
Train_186.jpg,"[1536, 817, 64, 43]",1
Train_654.jpg,"[1600, 817, 64, 43]",1
Train_812.jpg,"[1664, 817, 64, 43]",0
Train_1602.jpg,"[1792, 817, 64, 43]",1
Train_578.jpg,"[0, 860, 64, 43]",1
Train_1392.jpg,"[64, 860, 64, 43]",0
Train_1002.jpg,"[128, 860, 64, 43]",0
Train_800.jpg,"[192, 860, 64, 43]",0
Train_271.jpg,"[256, 860, 64, 43]",0
Train_690.jpg,"[448, 860, 64, 43]",1
Train_1086.jpg,"[512, 860, 64, 43]",0
Train_1810.jpg,"[576, 860, 64, 43]",0
Train_1632.jpg,"[640, 860, 64, 43]",1
Train_867.jpg,"[704, 860, 64, 43]",1
Train_1679.jpg,"[768, 860, 64, 43]",1
Train_636.jpg,"[832, 860, 64, 43]",1
Train_123.jpg,"[960, 860, 64, 43]",0
Train_1743.jpg,"[1024, 860, 64, 43]",1
Train_1396.jpg,"[1216, 860, 64, 43]",0
Train_175.jpg,"[1280, 860, 64, 43]",0
Train_1257.jpg,"[1344, 860, 64, 43]",0
Train_1215.jpg,"[1408, 860, 64, 43]",1
Train_809.jpg,"[1472, 860, 64, 43]",0
Train_562.jpg,"[1536, 860, 64, 43]",0
Train_1463.jpg,"[1600, 860, 64, 43]",0
Train_1158.jpg,"[1728, 860, 64, 43]",1
Train_595.jpg,"[1792, 860, 64, 43]",0
Train_833.jpg,"[0, 903, 64, 43]",0
Train_1674.jpg,"[64, 903, 64, 43]",1
Train_488.jpg,"[128, 903, 64, 43]",0
Train_1147.jpg,"[192, 903, 64, 43]",1
Train_52.jpg,"[256, 903, 64, 43]",1
Train_1160.jpg,"[320, 903, 64, 43]",0
Train_226.jpg,"[448, 903, 64, 43]",1
Train_935.jpg,"[512, 903, 64, 43]",0
Train_770.jpg,"[576, 903, 64, 43]",1
Train_1034.jpg,"[640, 903, 64, 43]",0
Train_835.jpg,"[704, 903, 64, 43]",0
Train_1209.jpg,"[768, 903, 64, 43]",1
Train_305.jpg,"[832, 903, 64, 43]",1
Train_1501.jpg,"[896, 903, 64, 43]",1
Train_587.jpg,"[960, 903, 64, 43]",0
Train_412.jpg,"[1024, 903, 64, 43]",0
Train_1005.jpg,"[1088, 903, 64, 43]",0
Train_1233.jpg,"[1152, 903, 64, 43]",1
Train_1467.jpg,"[1344, 903, 64, 43]",1
Train_73.jpg,"[1408, 903, 64, 43]",1
Train_1051.jpg,"[1472, 903, 64, 43]",1
Train_907.jpg,"[1536, 903, 64, 43]",0
Train_105.jpg,"[1600, 903, 64, 43]",0
Train_1215.jpg,"[1664, 903, 64, 43]",1
Train_522.jpg,"[1728, 903, 64, 43]",1
Train_107.jpg,"[1792, 903, 64, 43]",1
Train_126.jpg,"[0, 946, 64, 43]",1
Train_1058.jpg,"[64, 946, 64, 43]",0
Train_1401.jpg,"[128, 946, 64, 43]",1
Train_27.jpg,"[192, 946, 64, 43]",1
Train_1074.jpg,"[320, 946, 64, 43]",1
Train_393.jpg,"[384, 946, 64, 43]",0
Train_685.jpg,"[640, 946, 64, 43]",0
Train_587.jpg,"[704, 946, 64, 43]",0
Train_736.jpg,"[768, 946, 64, 43]",1
Train_1000.jpg,"[896, 946, 64, 43]",1
Train_846.jpg,"[960, 946, 64, 43]",1
Train_845.jpg,"[1024, 946, 64, 43]",1
Train_1581.jpg,"[1088, 946, 64, 43]",1
Train_1567.jpg,"[1152, 946, 64, 43]",1
Train_1036.jpg,"[1216, 946, 64, 43]",1
Train_960.jpg,"[1280, 946, 64, 43]",0
Train_1198.jpg,"[1344, 946, 64, 43]",0
Train_44.jpg,"[1408, 946, 64, 43]",1
Train_1181.jpg,"[1472, 946, 64, 43]",1
Train_572.jpg,"[1536, 946, 64, 43]",0
Train_243.jpg,"[1600, 946, 64, 43]",1
Train_1707.jpg,"[1664, 946, 64, 43]",1
Train_1773.jpg,"[1728, 946, 64, 43]",1
Train_1301.jpg,"[1792, 946, 64, 43]",1
Train_410.jpg,"[0, 989, 64, 43]",1
Train_1742.jpg,"[64, 989, 64, 43]",1
Train_825.jpg,"[128, 989, 64, 43]",1
Train_501.jpg,"[192, 989, 64, 43]",1
Train_1806.jpg,"[256, 989, 64, 43]",1
Train_1177.jpg,"[320, 989, 64, 43]",1
Train_1571.jpg,"[384, 989, 64, 43]",1
Train_433.jpg,"[448, 989, 64, 43]",0
Train_115.jpg,"[512, 989, 64, 43]",1
Train_55.jpg,"[576, 989, 64, 43]",0
Train_51.jpg,"[640, 989, 64, 43]",1
Train_289.jpg,"[704, 989, 64, 43]",1
Train_346.jpg,"[768, 989, 64, 43]",1
Train_360.jpg,"[832, 989, 64, 43]",0
Train_1321.jpg,"[960, 989, 64, 43]",1
Train_1373.jpg,"[1024, 989, 64, 43]",1
Train_129.jpg,"[1216, 989, 64, 43]",1
Train_400.jpg,"[1280, 989, 64, 43]",1
Train_1366.jpg,"[1344, 989, 64, 43]",0
Train_15.jpg,"[1408, 989, 64, 43]",1
Train_1026.jpg,"[1536, 989, 64, 43]",1
Train_925.jpg,"[1664, 989, 64, 43]",1
Train_619.jpg,"[1792, 989, 64, 43]",0
Train_1014.jpg,"[128, 1032, 64, 43]",0
Train_547.jpg,"[192, 1032, 64, 43]",0
Train_437.jpg,"[256, 1032, 64, 43]",1
Train_417.jpg,"[384, 1032, 64, 43]",0
Train_1073.jpg,"[448, 1032, 64, 43]",1
Train_483.jpg,"[512, 1032, 64, 43]",1
Train_1498.jpg,"[576, 1032, 64, 43]",1
Train_637.jpg,"[640, 1032, 64, 43]",0
Train_892.jpg,"[704, 1032, 64, 43]",1
Train_114.jpg,"[768, 1032, 64, 43]",1
Train_179.jpg,"[832, 1032, 64, 43]",0
Train_241.jpg,"[896, 1032, 64, 43]",1
Train_670.jpg,"[960, 1032, 64, 43]",1
Train_1703.jpg,"[1024, 1032, 64, 43]",1
Train_242.jpg,"[1216, 1032, 64, 43]",1
Train_939.jpg,"[1344, 1032, 64, 43]",0
Train_452.jpg,"[1408, 1032, 64, 43]",0
Train_1049.jpg,"[1472, 1032, 64, 43]",1
Train_54.jpg,"[1664, 1032, 64, 43]",0
Train_1788.jpg,"[1728, 1032, 64, 43]",1
Train_514.jpg,"[1792, 1032, 64, 43]",1
Train_1107.jpg,"[0, 1075, 64, 43]",1
Train_1693.jpg,"[64, 1075, 64, 43]",0
Train_1350.jpg,"[256, 1075, 64, 43]",1
Train_218.jpg,"[384, 1075, 64, 43]",1
Train_197.jpg,"[448, 1075, 64, 43]",1
Train_1344.jpg,"[576, 1075, 64, 43]",1
Train_1178.jpg,"[640, 1075, 64, 43]",1
Train_455.jpg,"[768, 1075, 64, 43]",1
Train_688.jpg,"[832, 1075, 64, 43]",1
Train_392.jpg,"[896, 1075, 64, 43]",0
Train_1096.jpg,"[1024, 1075, 64, 43]",1
Train_379.jpg,"[1152, 1075, 64, 43]",1
Train_628.jpg,"[1216, 1075, 64, 43]",1
Train_38.jpg,"[1344, 1075, 64, 43]",1
Train_1199.jpg,"[1408, 1075, 64, 43]",0
Train_1685.jpg,"[1472, 1075, 64, 43]",1
Train_350.jpg,"[1536, 1075, 64, 43]",1
Train_1553.jpg,"[1600, 1075, 64, 43]",1
Train_272.jpg,"[1664, 1075, 64, 43]",1
Train_442.jpg,"[1728, 1075, 64, 43]",1
Train_333.jpg,"[64, 1118, 64, 43]",1
Train_1192.jpg,"[128, 1118, 64, 43]",1
Train_630.jpg,"[192, 1118, 64, 43]",0
Train_627.jpg,"[256, 1118, 64, 43]",1
Train_221.jpg,"[320, 1118, 64, 43]",0
Train_1744.jpg,"[384, 1118, 64, 43]",1
Train_1812.jpg,"[448, 1118, 64, 43]",1
Train_1686.jpg,"[512, 1118, 64, 43]",1
Train_1774.jpg,"[576, 1118, 64, 43]",0
Train_658.jpg,"[704, 1118, 64, 43]",1
Train_1374.jpg,"[768, 1118, 64, 43]",1
Train_888.jpg,"[896, 1118, 64, 43]",1
Train_644.jpg,"[960, 1118, 64, 43]",0
Train_509.jpg,"[1024, 1118, 64, 43]",1
Train_779.jpg,"[1088, 1118, 64, 43]",1
Train_1330.jpg,"[1216, 1118, 64, 43]",1
Train_1168.jpg,"[1280, 1118, 64, 43]",1
Train_221.jpg,"[1344, 1118, 64, 43]",0
Train_1329.jpg,"[1408, 1118, 64, 43]",1
Train_111.jpg,"[1472, 1118, 64, 43]",0
Train_1572.jpg,"[1536, 1118, 64, 43]",1
Train_489.jpg,"[1600, 1118, 64, 43]",1
Train_830.jpg,"[1664, 1118, 64, 43]",1
Train_24.jpg,"[1792, 1118, 64, 43]",0
Train_571.jpg,"[0, 1161, 64, 43]",1
Train_656.jpg,"[64, 1161, 64, 43]",1
Train_1269.jpg,"[128, 1161, 64, 43]",1
Train_300.jpg,"[320, 1161, 64, 43]",0
Train_247.jpg,"[384, 1161, 64, 43]",0
Train_828.jpg,"[448, 1161, 64, 43]",1
Train_770.jpg,"[512, 1161, 64, 43]",1
Train_302.jpg,"[576, 1161, 64, 43]",1
Train_553.jpg,"[640, 1161, 64, 43]",1
Train_895.jpg,"[704, 1161, 64, 43]",0
Train_908.jpg,"[896, 1161, 64, 43]",0
Train_1281.jpg,"[960, 1161, 64, 43]",1
Train_177.jpg,"[1024, 1161, 64, 43]",1
Train_755.jpg,"[1088, 1161, 64, 43]",0
Train_1174.jpg,"[1152, 1161, 64, 43]",1
Train_799.jpg,"[1216, 1161, 64, 43]",1
Train_1458.jpg,"[1408, 1161, 64, 43]",1
Train_131.jpg,"[1472, 1161, 64, 43]",1
Train_974.jpg,"[1536, 1161, 64, 43]",1
Train_1439.jpg,"[1600, 1161, 64, 43]",1
Train_1341.jpg,"[1664, 1161, 64, 43]",0
Train_69.jpg,"[0, 1204, 64, 43]",1
Train_539.jpg,"[64, 1204, 64, 43]",1
Train_840.jpg,"[128, 1204, 64, 43]",1
Train_1368.jpg,"[192, 1204, 64, 43]",0
Train_1535.jpg,"[256, 1204, 64, 43]",1
Train_969.jpg,"[320, 1204, 64, 43]",0
Train_1410.jpg,"[448, 1204, 64, 43]",1
Train_450.jpg,"[512, 1204, 64, 43]",0
Train_506.jpg,"[576, 1204, 64, 43]",1
Train_495.jpg,"[704, 1204, 64, 43]",1
Train_1707.jpg,"[768, 1204, 64, 43]",1
Train_1408.jpg,"[832, 1204, 64, 43]",0
Train_723.jpg,"[896, 1204, 64, 43]",1
Train_851.jpg,"[960, 1204, 64, 43]",1
Train_1400.jpg,"[1024, 1204, 64, 43]",1
Train_691.jpg,"[1088, 1204, 64, 43]",0
Train_611.jpg,"[1152, 1204, 64, 43]",1
Train_78.jpg,"[1216, 1204, 64, 43]",1
Train_1608.jpg,"[1280, 1204, 64, 43]",0
Train_1527.jpg,"[1344, 1204, 64, 43]",1
Train_1229.jpg,"[1408, 1204, 64, 43]",1
Train_195.jpg,"[1472, 1204, 64, 43]",0
Train_83.jpg,"[1536, 1204, 64, 43]",1
Train_1530.jpg,"[1600, 1204, 64, 43]",0
Train_440.jpg,"[1664, 1204, 64, 43]",1
